Parameter,Value,Errors
teff,6579.628387391408,62.732390531516316
logg,4.363228231116463,0.09540628856797653
MH,0.04700000000000015,0.26673278822940977
alpha,0.0,0.0
vmic,1.21,0.0
