Parameter,Value,Errors
teff,6620.181001627795,86.22624289427937
logg,4.264126366938603,0.09453733713973228
MH,0.045500000000000096,0.19238771132310933
alpha,0.0,0.0
vmic,1.21,0.0
